<?xml version="1.0" encoding="utf-8"?>
<extension version="3.9" type="plugin" group="system" method="upgrade">
	<name>plg_system_modulesanywhere</name>
	<description>PLG_SYSTEM_MODULESANYWHERE_DESC</description>
	<version>7.8.1</version>
	<creationDate>April 2019</creationDate>
	<author>Regular Labs (Peter van Westen)</author>
	<authorEmail>info@regularlabs.com</authorEmail>
	<authorUrl>https://www.regularlabs.com</authorUrl>
	<copyright>Copyright © 2018 Regular Labs - All Rights Reserved</copyright>
	<license>http://www.gnu.org/licenses/gpl-2.0.html GNU/GPL</license>

	<scriptfile>script.install.php</scriptfile>

	<updateservers>
		<server type="extension" priority="1" name="Regular Labs - Modules Anywhere">
			https://download.regularlabs.com/updates.xml?e=modulesanywhere&amp;type=.xml
		</server>
	</updateservers>

	<files>
		<filename plugin="modulesanywhere">modulesanywhere.php</filename>
		<filename>script.install.helper.php</filename>
		<folder>language</folder>
		<folder>src</folder>
		<folder>vendor</folder>
	</files>

	<media folder="media" destination="modulesanywhere">
		<folder>images</folder>
	</media>

	<config>
		<fields name="params" addfieldpath="/libraries/regularlabs/fields">
			<fieldset name="basic">
				<field name="@loadlanguage_regularlabs" type="rl_loadlanguage" extension="plg_system_regularlabs" />
				<field name="@loadlanguage" type="rl_loadlanguage" extension="plg_system_modulesanywhere" />
				<field name="@loadlanguage" type="rl_loadlanguage" extension="com_modules" />
				<field name="@license" type="rl_license" extension="MODULES_ANYWHERE" />
				<field name="@version" type="rl_version" extension="MODULES_ANYWHERE" />
				<field name="@header" type="rl_header"
					   label="MODULES_ANYWHERE"
					   description="MODULES_ANYWHERE_DESC,
							&lt;span class=&quot;rl_code&quot;&gt;{module Main Menu}&lt;/span&gt;,
							&lt;span class=&quot;rl_code&quot;&gt;{module 3}&lt;/span&gt;,
							&lt;span class=&quot;rl_code&quot;&gt;{modulepos mainmenu}&lt;/span&gt;,
							&lt;span class=&quot;rl_code&quot;&gt;{module title=&quot;Main Menu&quot; style=&quot;well&quot;}&lt;/span&gt;"
					   url="https://www.regularlabs.com/modulesanywhere" />
			</fieldset>

			<fieldset name="RL_BEHAVIOUR">
				<field name="style" type="text" default="none"
					   label="MA_DEFAULT_STYLE"
					   description="MA_DEFAULT_STYLE_DESC" />
				<field name="@notice_override_settings" type="rl_onlypro"
					   label="MA_ENABLE_PARAMETER_OVERRIDING"
					   description="MA_ENABLE_PARAMETER_OVERRIDING_DESC,
							&lt;span class=&quot;rl_code&quot;&gt;{module title=&quot;Main Menu&quot; moduleclass_sfx=&quot;red&quot; some_other_setting=&quot;123&quot;}&lt;/span&gt;,
							&lt;span class=&quot;rl_code&quot;&gt;name=&quot;param[...]&quot;&lt;/span&gt;" />
				<field name="ignore_access" type="radio" class="btn-group" default="0"
					   label="MA_IGNORE_MODULE_ACCESS"
					   description="MA_IGNORE_MODULE_ACCESS_DESC">
					<option value="0">JNO</option>
					<option value="1">JYES</option>
				</field>
				<field name="ignore_state" type="radio" class="btn-group" default="0"
					   label="MA_IGNORE_MODULE_STATE"
					   description="MA_IGNORE_MODULE_STATE_DESC">
					<option value="0">JNO</option>
					<option value="1">JYES</option>
				</field>
				<field name="ignore_assignments" type="radio" class="btn-group" default="1"
					   label="MA_IGNORE_MODULE_ASSIGNMENTS"
					   description="MA_IGNORE_MODULE_ASSIGNMENTS_DESC">
					<option value="0">JNO</option>
					<option value="1">JYES</option>
				</field>
				<field name="ignore_caching" type="radio" class="btn-group" default="0"
					   label="MA_IGNORE_CACHING"
					   description="MA_IGNORE_CACHING_DESC">
					<option value="0">JNO</option>
					<option value="1">JYES</option>
				</field>
				<field name="@loadlanguage_config" type="rl_loadlanguage" extension="com_config" />
				<field name="@notice_show_edit" type="rl_onlypro"
					   label="MA_FRONTEND_EDITING"
					   description="COM_CONFIG_FRONTEDITING_DESC" />
				<field name="fix_html" type="radio" class="btn-group" default="1"
					   label="RL_FIX_HTML"
					   description="RL_FIX_HTML_DESC">
					<option value="0">JNO</option>
					<option value="1">JYES</option>
				</field>
				<field name="place_comments" type="radio" class="btn-group" default="1"
					   label="RL_PLACE_HTML_COMMENTS"
					   description="RL_PLACE_HTML_COMMENTS_DESC">
					<option value="0">JNO</option>
					<option value="1">JYES</option>
				</field>
			</fieldset>

			<fieldset name="RL_SETTINGS_SECURITY">
				<field name="@block_articles_a" type="rl_block" start="1"
					   label="RL_ARTICLES"
					   description="MA_ARTICLES_DESC" />
				<field name="@notice_articles" type="rl_onlypro"
					   label="MA_SECURITY_LEVEL"
					   description="MA_SECURITY_LEVEL_DESC" />
				<field name="@block_articles_b" type="rl_block" end="1" />

				<field name="@block_components_a" type="rl_block" start="1"
					   label="RL_COMPONENTS"
					   description="MA_COMPONENTS_DESC" />
				<field name="@notice_components" type="rl_onlypro"
					   label="RL_DISABLE_ON_COMPONENTS"
					   description="MA_DISABLE_ON_COMPONENTS_DESC" />
				<field name="@block_components_b" type="rl_block" end="1" />

				<field name="@block_otherareas_a" type="rl_block" start="1"
					   label="RL_OTHER_AREAS"
					   description="MA_OTHER_AREAS_DESC" />
				<field name="@notice_otherareas" type="rl_onlypro"
					   label="RL_ENABLE_OTHER_AREAS"
					   description="MA_ENABLE_OTHER_AREAS_DESC" />
				<field name="@block_otherareas_b" type="rl_block" end="1" />
			</fieldset>

			<fieldset name="RL_SETTINGS_EDITOR_BUTTON">
				<field name="button_text" type="text" default="Module"
					   label="RL_BUTTON_TEXT"
					   description="RL_BUTTON_TEXT_DESC" />
				<field name="enable_frontend" type="radio" class="btn-group" default="1"
					   label="RL_ENABLE_IN_FRONTEND"
					   description="RL_ENABLE_IN_FRONTEND_DESC">
					<option value="0">JNO</option>
					<option value="1">JYES</option>
				</field>

				<field name="@block_default_tag_a" type="rl_block" start="1"
					   label="MA_DEFAULT_DATA_TAG_SETTINGS" />
				<field name="styles" type="text" default="none,division,tabs,well,xhtml"
					   label="MA_DEFAULT_STYLES"
					   description="MA_DEFAULT_STYLES_DESC" />

				<field name="showtitle" type="radio" class="btn-group" default=""
					   label="COM_MODULES_FIELD_SHOWTITLE_LABEL"
					   description="COM_MODULES_FIELD_SHOWTITLE_DESC">
					<option value="">JDEFAULT</option>
					<option value="0">JNO</option>
					<option value="1">JYES</option>
				</field>
				<field name="@block_default_tag_ab" type="rl_block" end="1" />
			</fieldset>

			<fieldset name="RL_TAG_SYNTAX">
				<field name="module_tag" type="text" default="module"
					   label="MA_MODULE_TAG"
					   description="MA_TAG_DESC" />
				<field name="modulepos_tag" type="text" default="modulepos"
					   label="MA_MODULEPOS_TAG"
					   description="MA_TAG_DESC" />
				<field name="tag_characters" type="list" default="{.}" class="input-small"
					   label="RL_TAG_CHARACTERS"
					   description="RL_TAG_CHARACTERS_DESC">
					<option value="{.}">{...}</option>
					<option value="[.]">[...]</option>
					<option value="«.»">«...»</option>
					<option value="{{.}}">{{...}}</option>
					<option value="[[.]]">[[...]]</option>
					<option value="[:.:]">[:...:]</option>
					<option value="[%.%]">[%...%]</option>
				</field>
				<field name="handle_core_tags" type="radio" class="btn-group" default="0"
					   label="MA_HANDLE_CORE_TAGS"
					   description="MA_HANDLE_CORE_TAGS_DESC">
					<option value="0">JNO</option>
					<option value="1">JYES</option>
				</field>
				<field name="activate_jumper" type="radio" class="btn-group" default="0"
					   label="MA_ACTIVATE_JUMPER"
					   description="MA_ACTIVATE_JUMPER_DESC"
					   showon="handle_core_tags:1">
					<option value="0">JNO</option>
					<option value="">JYES</option>
				</field>
				<field name="@jumper" type="note" class="text-center span4 no-animation"
					   description="&#x3C;&#x69;&#x6D;&#x67;&#x20;&#x73;&#x72;&#x63;&#x3D;&#x22;&#x2E;&#x2E;&#x2F;&#x6D;&#x65;&#x64;&#x69;&#x61;&#x2F;&#x6D;&#x6F;&#x64;&#x75;&#x6C;&#x65;&#x73;&#x61;&#x6E;&#x79;&#x77;&#x68;&#x65;&#x72;&#x65;&#x2F;&#x69;&#x6D;&#x61;&#x67;&#x65;&#x73;&#x2F;&#x6A;&#x75;&#x6D;&#x70;&#x2E;&#x67;&#x69;&#x66;&#x22;&#x20;&#x61;&#x6C;&#x74;&#x3D;&#x22;&#x22;&#x20;&#x77;&#x69;&#x64;&#x74;&#x68;&#x3D;&#x22;&#x31;&#x30;&#x30;&#x22;&#x20;&#x68;&#x65;&#x69;&#x67;&#x68;&#x74;&#x3D;&#x22;&#x31;&#x34;&#x38;&#x22;&#x20;&#x2F;&#x3E;"
					   showon="handle_core_tags:1[AND]activate_jumper:" />
			</fieldset>
		</fields>
	</config>
</extension>
